Residue,C,CA,CB
V6,175.69(2.03),62.48(3.04),32.66(1.91)
L13,176.97(2.09),55.65(2.21),42.37(1.86)
L15,176.97(2.09),55.65(2.21),42.37(1.86)
L20,176.97(2.09),55.65(2.21),42.37(1.86)
V24,175.69(2.03),62.48(3.04),32.66(1.91)
L34,176.97(2.09),55.65(2.21),42.37(1.86)
L45,176.97(2.09),55.65(2.21),42.37(1.86)
L48,176.97(2.09),55.65(2.21),42.37(1.86)
L52,176.97(2.09),55.65(2.21),42.37(1.86)
V54,175.69(2.03),62.48(3.04),32.66(1.91)
V56,175.69(2.03),62.48(3.04),32.66(1.91)
L59,176.97(2.09),55.65(2.21),42.37(1.86)
L60,176.97(2.09),55.65(2.21),42.37(1.86)
V68,175.69(2.03),62.48(3.04),32.66(1.91)
